USE proyecto;
INSERT INTO proyecto.categoria_producto (categoria) VALUES
('Perfumeria'),
('Maquillaje'),
('Rostro'),
('Cabello'),
('Desodorante'),
('Jabones'),
('Cuerpo');

INSERT INTO proyecto.marca_producto (marca) VALUES
('Ekos'),
('Tododia'),
('Lumina'),
('Plant'),
('Kaiak'),
('Homem'),
('Faces'),
('Una'),
('Ilia'),
('Humor'),
('Erva doce'),
('Chronos'),
('Essencial'),
('MMBB'),
('Luna');

INSERT INTO proyecto.revendedor (nombre, apellido, fecha_ingreso, nivel) VALUES
('Daniel', 'García', '2020-03-24', 'Medio'),
('Sofia', 'Rodríguez', '2020-02-21', 'Medio'),
('Alejandro', 'González', '2021-10-29', 'Estrella'),
('Valeria', 'López', '2022-10-05', 'Inicio'),
('Gabriel', 'Martínez', '2021-01-20', 'Estrella'),
('Camila', 'Pérez', '2021-11-24', 'Estrella'),
('Lucas', 'Sánchez', '2021-06-04', 'Estrella'),
('Isabella', 'Romero', '2019-01-28', 'Estrella'),
('Matías', 'Torres', '2019-05-06', 'Estrella'),
('Emma', 'Flores', '2019-08-06', 'Estrella'),
('Sebastián', 'Gómez', '2021-09-12', 'Medio'),
('Martina', 'Díaz', '2022-07-20', 'Inicio'),
('Juan', 'Vargas', '2022-03-09', 'Inicio'),
('Valentina', 'Morales', '2021-03-17', 'Medio'),
('Miguel', 'Ramírez', '2020-06-08', 'Medio'),
('Natalia', 'Castillo', '2020-10-20', 'Medio'),
('Andrés', 'Herrera', '2021-10-10', 'Medio'),
('Ana', 'Mendoza', '2019-09-21', 'Estrella'),
('Diego', 'Cruz', '2019-03-03', 'Estrella'),
('Paula', 'Ortiz', '2020-05-30', 'Medio'),
('Carlos', 'Morales', '2023-01-27', 'Inicio'),
('María', 'Castro', '2021-02-22', 'Medio'),
('Javier', 'Figueroa', '2021-05-23', 'Medio'),
('Laura', 'Aguilar', '2019-09-18', 'Estrella'),
('Eduardo', 'Ríos', '2020-11-14', 'Medio'),
('Andrea', 'Guzmán', '2022-09-09', 'Inicio'),
('Raúl', 'Delgado', '2020-05-24', 'Medio'),
('Gabriela', 'Núñez', '2021-10-19', 'Medio'),
('Alejandro', 'Morales', '2020-07-04', 'Estrella'),
('Carmen', 'Romero', '2020-11-02', 'Estrella'),
('Rafael', 'Paredes', '2021-01-16', 'Medio'),
('Patricia', 'Silva', '2023-01-01', 'Inicio'),
('Guillermo', 'Rojas', '2023-01-04', 'Inicio'),
('Lucia', 'Espinosa', '2023-01-04', 'Inicio'),
('Marco', 'Méndez', '2022-01-07', 'Inicio'),
('Elena', 'Medina', '2019-07-07', 'Estrella'),
('Francisco', 'Valenzuela', '2020-01-17', 'Estrella'),
('Clara', 'Navarro', '2020-05-07', 'Estrella'),
('David', 'Vásquez', '2019-01-26', 'Estrella'),
('Rosa', 'Contreras', '2019-12-14', 'Estrella'),
('Manuel', 'Vergara', '2019-09-07', 'Estrella'),
('Juana', 'Acevedo', '2023-04-03', 'Inicio'),
('Oscar', 'Cárdenas', '2019-11-13', 'Estrella'),
('Beatriz', 'Pizarro', '2023-02-03', 'Inicio'),
('Ricardo', 'Lagos', '2022-04-23', 'Inicio'),
('Lorena', 'Orellana', '2021-03-29', 'Medio'),
('Julián', 'Montoya', '2022-11-03', 'Inicio'),
('Mariana', 'Araya', '2021-06-01', 'Medio'),
('Roberto', 'Tapia', '2021-07-18', 'Medio'),
('Morena', 'Diaz', '2019-05-12', 'Estrella');

INSERT INTO proyecto.email (id_revendedor,email) VALUES
('1', 'daniel.garcia@gmail.com'),
('2', 'sofia.rodriguez@gmail.com'),
('3', 'alejandro.gonzalez@gmail.com'),
('4', 'valeria.lopez@gmail.com'),
('5', 'gabriel.martinez@gmail.com'),
('6', 'camila.perez@gmail.com'),
('7', 'lucas.sanchez@gmail.com'),
('8', 'isabella.romero@gmail.com'),
('9', 'matias.torres@gmail.com'),
('10', 'emma.flores@gmail.com'),
('11', 'sebastian.gomez@gmail.com'),
('12', 'martina.diaz@gmail.com'),
('13', 'juan.vargas@gmail.com'),
('14', 'valentina.morales@gmail.com'),
('15', 'miguel.ramirez@gmail.com'),
('16', 'natalia.castillo@gmail.com'),
('17', 'andres.herrera@gmail.com'),
('18', 'ana.mendoza@gmail.com'),
('19', 'diego.cruz@gmail.com'),
('20', 'paula.ortiz@gmail.com'),
('21', 'carlos.morales@gmail.com'),
('22', 'maria.castro@gmail.com'),
('23', 'javier.figueroa@gmail.com'),
('24', 'laura.aguilar@gmail.com'),
('25', 'eduardo.rios@gmail.com'),
('26', 'andrea.guzman@gmail.com'),
('27', 'raul.delgado@gmail.com'),
('28', 'gabriela.nunez@gmail.com'),
('29', 'alejandro.morales@gmail.com'),
('30', 'carmen.romero@gmail.com'),
('31', 'rafael.paredes@gmail.com'),
('32', 'patricia.silva@gmail.com'),
('33', 'guillermo.rojas@gmail.com'),
('34', 'lucia.espinoza@gmail.com'),
('35', 'marco.mendez@gmail.com'),
('36', 'elena.medina@gmail.com'),
('37', 'francisco.valenzuela@gmail.com'),
('38', 'clara.navarro@gmail.com'),
('39', 'david.vasquez@gmail.com'),
('40', 'rosa.contreras@gmail.com'),
('41', 'manuel.vergara@gmail.com'),
('42', 'juana.acevedo@gmail.com'),
('43', 'oscar.cardenas@gmail.com'),
('44', 'beatriz.pizarro@gmail.com'),
('45', 'ricardo.lagos@gmail.com'),
('46', 'lorena.orellana@gmail.com'),
('47', 'julian.montoya@gmail.com'),
('48', 'mariana.araya@gmail.com'),
('49', 'roberto.tapia@gmail.com'),
('50', 'morena.diaz@gmail.com');

INSERT INTO proyecto.telefono (id_revendedor,telefono) VALUES
('1', '1154789210'),
('2', '1135906432'),
('3', '1148763059'),
('4', '1162045983'),
('5', '1123907465'),
('6', '1176849301'),
('7', '1167392048'),
('8', '1146257890'),
('9', '1134095762'),
('10', '1167458923'),
('11', '1125874369'),
('12', '1150398267'),
('13', '1176849203'),
('14', '1145269038'),
('15', '1138702465'),
('16', '1150398267'),
('17', '1162045983'),
('18', '1125874369'),
('19', '1138702465'),
('20', '1146257890'),
('21', '1123907465'),
('22', '1154789210'),
('23', '1135906432'),
('24', '1176849301'),
('25', '1148763059'),
('26', '1134095762'),
('27', '1125874369'),
('28', '1167458923'),
('29', '1154789210'),
('30', '1135906432'),
('31', '1146257890'),
('32', '1176849301'),
('33', '1123907465'),
('34', '1162045983'),
('35', '1150398267'),
('36', '1138702465'),
('37', '1167458923'),
('38', '1145269038'),
('39', '1134095762'),
('40', '1148763059'),
('41', '1176849203'),
('42', '1135906432'),
('43', '1125874369'),
('44', '1154789210'),
('45', '1167392048'),
('46', '1145269038'),
('47', '1162045983'),
('48', '1150398267'),
('49', '1138702465'),
('50', '1123907465');


INSERT INTO proyecto.direccion (id_revendedor, direccion, cod_postal, ciudad, provincia) VALUES
('1', 'Calle San Martín 123', '1000', 'Buenos Aires', 'Buenos Aires'),
('2', 'Avenida Rivadavia 456', '5000', 'Córdoba', 'Córdoba'),
('3', 'Calle Belgrano 789', '2000', 'Rosario', 'Santa Fe'),
('4', 'Avenida Mitre 234', '5500', 'Mendoza', 'Mendoza'),
('5', 'Calle Sarmiento 567', '1900', 'La Plata', 'Buenos Aires'),
('6', 'Avenida Independencia 890', '4000', 'Tucumán', 'Tucumán'),
('7', 'Calle Moreno 123', '7600', 'Mar del Plata', 'Buenos Aires'),
('8', 'Avenida San Juan 456', '4400', 'Salta', 'Salta'),
('9', 'Calle Alsina 789', '3000', 'Santa Fe', 'Santa Fe'),
('10', 'Avenida 9 de Julio 234', '4000', 'San Miguel de Tucumán', 'Tucumán'),
('11', 'Calle Pellegrini 567', '8000', 'Bahía Blanca', 'Buenos Aires'),
('12', 'Avenida Colón 890', '3500', 'Resistencia', 'Chaco'),
('13', 'Calle San Lorenzo 123', '3300', 'Posadas', 'Misiones'),
('14', 'Avenida Alvear 456', '3600', 'Formosa', 'Formosa'),
('15', 'Calle España 789', '8300', 'Neuquén', 'Neuquén'),
('16', 'Avenida San Luis 234', '3100', 'Paraná', 'Entre Ríos'),
('17', 'Calle Sáenz Peña 567', '4200', 'Santiago del Estero', 'Santiago del Estero'),
('18', 'Avenida Balcarce 890', '3400', 'Corrientes', 'Corrientes'),
('19', 'Calle Jujuy 123', '4600', 'San Salvador de Jujuy', 'Jujuy'),
('20', 'Avenida 25 de Mayo 456', '6300', 'Santa Rosa', 'La Pampa'),
('21', 'Calle San Nicolás 789', '5800', 'Río Cuarto', 'Córdoba'),
('22', 'Avenida Yrigoyen 234', '4700', 'San Fernando del Valle de Catamarca', 'Catamarca'),
('23', 'Calle San Martín 567', '5700', 'San Luis', 'San Luis'),
('24', 'Avenida Belgrano 890', '9400', 'Río Gallegos', 'Santa Cruz'),
('25', 'Calle 9 de Julio 123', '9410', 'Ushuaia', 'Tierra del Fuego'),
('26', 'Avenida Libertador 456', '5400', 'San Juan', 'San Juan'),
('27', 'Calle Belgrano 789', '5600', 'San Rafael', 'Mendoza'),
('28', 'Avenida Rivadavia 234', '3600', 'Formosa', 'Formosa'),
('29', 'Calle Moreno 567', '5900', 'Villa María', 'Córdoba'),
('30', 'Avenida San Juan 890', '2300', 'Rafaela', 'Santa Fe'),
('31', 'Calle Alsina 1234', '2800', 'Zárate', 'Buenos Aires'),
('32', 'Avenida Santa Fe 456', '5001', 'Santa Fe', 'Santa Fe'),
('33', 'Calle Roca 789', '2001', 'Rosario', 'Santa Fe'),
('34', 'Avenida San Martín 234', '5401', 'San Juan', 'San Juan'),
('35', 'Calle Pueyrredón 567', '7601', 'Mar del Plata', 'Buenos Aires'),
('36', 'Avenida Pellegrini 890', '3001', 'Santa Fe', 'Santa Fe'),
('37', 'Calle Colón 123', '5002', 'Córdoba', 'Córdoba'),
('38', 'Avenida San Lorenzo 456', '3301', 'Posadas', 'Misiones'),
('39', 'Calle Mitre 789', '5501', 'Mendoza', 'Mendoza'),
('40', 'Avenida Alberdi 234', '5801', 'Río Cuarto', 'Córdoba'),
('41', 'Calle Sarmiento 567', '3501', 'Resistencia', 'Chaco'),
('42', 'Avenida Belgrano 890', '3401', 'Corrientes', 'Corrientes'),
('43', 'Calle San Juan 123', '4001', 'San Miguel de Tucumán', 'Tucumán'),
('44', 'Avenida Libertador 456', '6301', 'Santa Rosa', 'La Pampa'),
('45', 'Calle Rivadavia 789', '3601', 'Formosa', 'Formosa'),
('46', 'Avenida Colón 234', '5153', 'Villa Carlos Paz', 'Córdoba'),
('47', 'Calle San Martín 567', '9401', 'Río Gallegos', 'Santa Cruz'),
('48', 'Avenida 9 de Julio 890', '4701', 'San Fernando del Valle de Catamarca', 'Catamarca'),
('49', 'Calle Moreno 123', '3101', 'Paraná', 'Entre Ríos'),
('50', 'Avenida San Luis 456', '4601', 'San Salvador de Jujuy', 'Jujuy');

INSERT INTO proyecto.producto (id_categoria, id_marca, descripcion, tipo_comercial, precio) VALUES
('4', '4', 'Acondicionador protección', 'Promocionado', '1300'),
('4', '4', 'Shampoo protección', 'Promocionado', '1300'),
('4', '4', 'Mascara brillo y suavidad', 'No promocionado', '1500'),
('4', '4', 'Acondicionador para cabello grasos', 'No promocionado', '1300'),
('4', '4', 'Shampoo para cabello grasos', 'No promocionado', '1300'),
('4', '1', 'Shampoo murumuru', 'No promocionado', '2500'),
('4', '1', 'Adondicionador murumuru', 'No promocionado', '2500'),
('4', '1', 'Shampoo pataua', 'Promocionado', '2500'),
('4', '1', 'Acondicionador pataua', 'Promocionado', '2500'),
('4', '1', 'Mascara del pelo', 'Promocionado', '3200'),
('4', '3', 'Protector termico', 'No promocionado', '2500'),
('4', '3', 'Adondicionador lisos 300ml', 'No promocionado', '2100'),
('4', '3', 'Adondicionador secos 300ml', 'No promocionado', '2100'),
('4', '3', 'Oleo de pelo 100ml', 'Promocionado', '3000'),
('4', '3', 'Shampoo quimicos 300ml', 'Promocionado', '2100'),
('4', '3', 'Acondicionador quimicos 300ml', 'Promocionado', '2100'),
('4', '3', 'Shampoo lisos 300ml', 'Promocionado', '2100'),
('4', '3', 'Shampoo secos 300ml', 'Promocionado', '2100'),
('4', '3', 'Mascara quimicos', 'Promocionado', '5000'),
('4', '3', 'Crema para peinar', 'Promocionado', '2200'),
('7', '1', 'Pulpa de manos', 'No promocionado', '1350'),
('7', '1', 'Hidratante corporal', 'No promocionado', '4000'),
('7', '1', 'Nectar corporal', 'Promocionado', '3500'),
('7', '1', 'Fluido masajes', 'Promocionado', '2500'),
('7', '1', 'Leche de baño', 'Promocionado', '2000'),
('7', '1', 'Pulpa exfoliante', 'Promocionado', '4200'),
('7', '2', 'Hidratante corporal frutos rojos', 'Promocionado', '3000'),
('7', '2', 'Hidratante corporal cereza y avellana', 'Promocionado', '3000'),
('7', '2', 'Hidratante corporal algodón', 'Promocionado', '3000'),
('7', '2', 'Hidratante corporal pimienta rosa', 'Promocionado', '3000'),
('7', '2', 'Pulpa de manos', 'Promocionado', '1200'),
('5', '5', 'Deos roll on hombre', 'Promocionado', '1000'),
('5', '5', 'Deos en crema hombre', 'Promocionado', '1000'),
('5', '11', 'Deos roll on sin perfume', 'Promocionado', '850'),
('5', '11', 'Deos roll on mujer', 'Promocionado', '850'),
('5', '2', 'Deos en crema mujer', 'Promocionado', '930'),
('5', '6', 'Deos spray hombre', 'Promocionado', '1000'),
('5', '2', 'Deos spray mujer', 'Promocionado', '930'),
('6', '1', 'Jabon en barra', 'Promocionado', '2250'),
('6', '1', 'Jabon liquido', 'Promocionado', '2450'),
('6', '2', 'Jabon en barra', 'Promocionado', '1400'),
('6', '2', 'Jabon liquido', 'No promocionado', '1900'),
('2', '8', 'Labial rojo', 'No promocionado', '2600'),
('2', '8', 'Labial violeta', 'No promocionado', '2600'),
('2', '8', 'Labial naranja', 'No promocionado', '2600'),
('2', '8', 'Base liquida clara', 'No promocionado', '4200'),
('2', '8', 'Base liquida media', 'No promocionado', '4200'),
('2', '8', 'Base liquida oscura', 'Promocionado', '4000'),
('2', '8', 'Lapiz de ojos negro', 'Promocionado', '3500'),
('2', '8', 'Delineador liquido', 'Promocionado', '2800'),
('2', '8', 'Gloss', 'Promocionado', '2150'),
('2', '8', 'Polvo compacto claro', 'Promocionado', '3400'),
('2', '8', 'Polvo compacto medio', 'Promocionado', '3400'),
('2', '8', 'Polvo compacto oscuro', 'Promocionado', '3400'),
('2', '8', 'Mascara de pestañas', 'Promocionado', '6200'),
('2', '8', 'Esmalte de uñas', 'Promocionado', '1640'),
('2', '7', 'Sombra de ojos', 'Promocionado', '3260'),
('2', '7', 'Delineador liquido', 'Promocionado', '2300'),
('2', '7', 'Labial rosa', 'Promocionado', '2050'),
('2', '7', 'Labial cobre', 'Promocionado', '2050'),
('2', '7', 'Labial rojo', 'Promocionado', '2050'),
('2', '7', 'Base fluida clara', 'Promocionado', '3500'),
('2', '7', 'Base fluida media', 'Promocionado', '3500'),
('2', '7', 'Base fluida oscura', 'Promocionado', '3500'),
('2', '7', 'Rubor rosa', 'Promocionado', '3100'),
('2', '7', 'Rubor naranja', 'Promocionado', '3100'),
('2', '7', 'Pincel para cejas', 'Promocionado', '1860'),
('1', '14', 'Colonia niños flor de naranjo', 'No promocionado', '4500'),
('1', '14', 'Colonia niños nubes del cielo', 'No promocionado', '4500'),
('1', '5', 'Kaiak clasico femenino', 'Promocionado', '6500'),
('1', '5', 'Kaiak clasico masculino', 'Promocionado', '6500'),
('1', '5', 'Kaiak urbe masculino', 'No promocionado', '6500'),
('1', '5', 'Kaiak aventura femenino', 'No promocionado', '6500'),
('1', '9', 'Perfume femenino flores', 'No promocionado', '10200'),
('1', '5', 'Kaiak aventura masculino', 'No promocionado', '6500'),
('1', '6', 'Perfume clasico', 'No promocionado', '7450'),
('1', '6', 'Perfume especiado', 'No promocionado', '7450'),
('1', '15', 'Luna floral', 'No promocionado', '8250'),
('1', '9', 'Perfume femenino clasico', 'No promocionado', '10200'),
('1', '9', 'Perfume femenino viver', 'No promocionado', '10200'),
('1', '15', 'Luna rose', 'No promocionado', '8250'),
('1', '14', 'Colonia niños clasica', 'Promocionado', '4300'),
('3', '12', 'Crema antiseñales +30', 'Promocionado', '9500'),
('3', '12', 'Crema antiseñales +50', 'Promocionado', '9650'),
('3', '12', 'Crema antiseñales +70', 'Promocionado', '10030'),
('3', '12', 'Gel limpieza', 'No promocionado', '6000'),
('3', '12', 'Tonico nocturno', 'No promocionado', '7240'),
('3', '12', 'Crema exfoliante', 'No promocionado', '5300'),
('3', '12', 'Serum intensivo', 'No promocionado', '7500'),
('1', '13', 'Perfume masculino', 'Promocionado', '9100'),
('1', '13', 'Perfume femenino', 'Promocionado', '9100'),
('1', '10', 'Perfume masculino', 'No promocionado', '8600'),
('1', '10', 'Perfume femenino', 'No promocionado', '8600');

INSERT INTO proyecto.comision (id_revendedor, comision) VALUES
('1', '0.3'),
('2', '0.3'),
('3', '0.35'),
('4', '0.25'),
('5', '0.35'),
('6', '0.35'),
('7', '0.35'),
('8', '0.35'),
('9', '0.35'),
('10', '0.35'),
('11', '0.3'),
('12', '0.25'),
('13', '0.25'),
('14', '0.3'),
('15', '0.3'),
('16', '0.3'),
('17', '0.3'),
('18', '0.35'),
('19', '0.35'),
('20', '0.3'),
('21', '0.25'),
('22', '0.3'),
('23', '0.3'),
('24', '0.35'),
('25', '0.3'),
('26', '0.25'),
('27', '0.3'),
('28', '0.3'),
('29', '0.35'),
('30', '0.35'),
('31', '0.3'),
('32', '0.25'),
('33', '0.25'),
('34', '0.35'),
('35', '0.25'),
('36', '0.35'),
('37', '0.35'),
('38', '0.35'),
('39', '0.35'),
('40', '0.35'),
('41', '0.35'),
('42', '0.25'),
('43', '0.35'),
('44', '0.25'),
('45', '0.25'),
('46', '0.3'),
('47', '0.25'),
('48', '0.3'),
('49', '0.3'),
('50', '0.35');

INSERT INTO proyecto.flete (id_direccion, tasa) VALUES
('1', '200'),
('2', '3100.5'),
('3', '1420.8'),
('4', '5215.6'),
('5', '300.85'),
('6', '5601.3'),
('7', '1950.7'),
('8', '7200.4'),
('9', '2136.4'),
('10', '5641.2'),
('11', '2988'),
('12', '4997.65'),
('13', '5350.32'),
('14', '5340.6'),
('15', '5350.32'),
('16', '2145.7'),
('17', '4387.6'),
('18', '4502.31'),
('19', '7687.33'),
('20', '3450.8'),
('21', '2956.7'),
('22', '6234.8'),
('23', '3997.2'),
('24', '8765.3'),
('25', '9130.4'),
('26', '5300.6'),
('27', '5000'),
('28', '5432.1'),
('29', '2988.56'),
('30', '2450.7'),
('31', '433.8'),
('32', '2113.4'),
('33', '1487.6'),
('34', '5234.88'),
('35', '2000'),
('36', '2340.45'),
('37', '3480.52'),
('38', '5400.2'),
('39', '5130.7'),
('40', '2986.73'),
('41', '4697.6'),
('42', '4867.8'),
('43', '5670.9'),
('44', '2905.63'),
('45', '5430.1'),
('46', '3467.22'),
('47', '8940.5'),
('48', '6206.7'),
('49', '1888.9'),
('50', '7600.7');

INSERT INTO proyecto.factura (id_revendedor, subtotal, iva, total) VALUES
(3, 10650.80, 2236.67, 12887.47),
(30, 22535.70, 4732.50, 27268.20),
(22, 21732.80, 4563.89, 26296.69),
(10, 13538.70, 2843.13, 16381.83),
(49, 10288.90, 2160.67, 12449.57),
(5, 12130.85, 2547.48, 14678.33),
(14, 21930.60, 4605.43, 26536.03),
(34, 24734.88, 5194.32, 29929.20),
(8, 19680.40, 4132.88, 23813.28),
(45, 15592.60, 3274.45, 18867.05);

INSERT INTO proyecto.pedido (id_revendedor, id_factura, id_producto, cantidad, precio) VALUES
(3, 1, 45, 2, 2600),
(3, 1, 14, 3, 3000),
(30, 2, 10, 5, 3200),
(30, 2, 76, 2, 7450),
(22, 3, 87, 1, 7240),
(22, 3, 77, 2, 7450),
(10, 4, 58, 1, 2300),
(10, 4, 59, 1, 2050),
(10, 4, 45, 3, 2600),
(49, 5, 27, 2, 3000),
(49, 5, 28, 2, 3000),
(5, 6, 44, 5, 2600),
(5, 6, 45, 2, 2600),
(14, 7, 68, 3, 4500),
(14, 7, 80, 1, 10200),
(34, 8, 32, 4, 1000),
(34, 8, 72, 4, 6500),
(8, 9, 10, 6, 3200),
(45, 10, 39, 2, 2250),
(45, 10, 40, 3, 2450),
(45, 10, 34, 1, 850),
(45, 10, 35, 1, 850);

INSERT INTO proyecto.stock (id_producto, unidades) VALUES
('1', '5116'),
('2', '2062'),
('3', '3510'),
('4', '1220'),
('5', '8572'),
('6', '3691'),
('7', '4448'),
('8', '7040'),
('9', '4658'),
('10', '4506'),
('11', '6354'),
('12', '8048'),
('13', '8117'),
('14', '7101'),
('15', '9092'),
('16', '4869'),
('17', '1939'),
('18', '7420'),
('19', '5057'),
('20', '6409'),
('21', '2120'),
('22', '5881'),
('23', '2083'),
('24', '7138'),
('25', '7748'),
('26', '5127'),
('27', '7164'),
('28', '6596'),
('29', '4118'),
('30', '7841'),
('31', '4396'),
('32', '2343'),
('33', '1426'),
('34', '5168'),
('35', '2729'),
('36', '6475'),
('37', '5400'),
('38', '5136'),
('39', '9178'),
('40', '2692'),
('41', '3443'),
('42', '4532'),
('43', '2219'),
('44', '3989'),
('45', '6972'),
('46', '1728'),
('47', '3706'),
('48', '6480'),
('49', '5344'),
('50', '4550'),
('51', '5715'),
('52', '9752'),
('53', '7525'),
('54', '4145'),
('55', '2054'),
('56', '8397'),
('57', '1624'),
('58', '4080'),
('59', '5766'),
('60', '2514'),
('61', '5037'),
('62', '4574'),
('63', '3075'),
('64', '6265'),
('65', '3871'),
('66', '8817'),
('67', '2954'),
('68', '9164'),
('69', '1259'),
('70', '1777'),
('71', '2808'),
('72', '4606'),
('73', '5955'),
('74', '4541'),
('75', '6928'),
('76', '1934'),
('77', '9540'),
('78', '9748'),
('79', '1969'),
('80', '9922'),
('81', '2489'),
('82', '9812'),
('83', '4935'),
('84', '4183'),
('85', '3627'),
('86', '8036'),
('87', '9120'),
('88', '2064'),
('89', '2511'),
('90', '7471'),
('91', '7807'),
('92', '9112'),
('93', '1154');

INSERT INTO proyecto.medio_pago (id_factura, medio, estado) VALUES
(1, 'Efectivo', 'Pagado'),
(2, 'Credito', 'Pendiente'),
(3, 'Credito', 'Pagado'),
(4, 'Credito','Pendiente'),
(5, 'Efectivo', 'Pagado'),
(6, 'Efectivo', 'Pendiente'),
(7, 'Credito', 'Pagado'),
(8, 'Credito', 'Pagado'),
(9, 'Efectivo', 'Pagado'),
(10,'Efectivo', 'Pendiente');







